{
  "config": {
    "n_requests": 50000,
    "cache_size": 400,
    "threshold": 0.8,
    "k_tail": 8,
    "seeds": [
      0,
      1,
      2
    ],
    "trace": "data/lmsys_trace.json"
  },
  "lru_tokens_saved": 274067,
  "architectures": {
    "dueling (current)": {
      "n_params": 9474,
      "tokens_saved_mean": 320050.6666666667,
      "tokens_saved_std": 3829.7524143938545,
      "vs_lru_pct_mean": 16.77825738475142,
      "vs_lru_pct_std": 1.3973781646071448
    },
    "linear": {
      "n_params": 7,
      "tokens_saved_mean": 292735.6666666667,
      "tokens_saved_std": 190.44742639957678,
      "vs_lru_pct_mean": 6.811716356462708,
      "vs_lru_pct_std": 0.06948936807407295
    }
  }
}