{
  "real_trace": {
    "config": {
      "n_requests": 50000,
      "cache_size": 400,
      "threshold": 0.8,
      "k_tail": 8
    },
    "train_hist": [
      [
        1.0298457565632733,
        0.9027935266494751
      ],
      [
        0.88069787486033,
        0.830582320690155
      ],
      [
        0.8312361904165961,
        0.8112183809280396
      ],
      [
        0.8269542638551105,
        0.8153635859489441
      ],
      [
        0.813372349535877,
        0.8082581758499146
      ],
      [
        0.8209366927092726,
        0.8075374960899353
      ],
      [
        0.8120368509130045,
        0.8018932938575745
      ],
      [
        0.8160406865856864,
        0.8054182529449463
      ]
    ],
    "results": {
      "fifo": {
        "hit_ratio": 0.0994,
        "tokens_saved": 262137,
        "tokens_saved_frac": 0.06818538291964442,
        "evictions": 17612,
        "wall_s": 2.66
      },
      "lru": {
        "hit_ratio": 0.1123,
        "tokens_saved": 274067,
        "tokens_saved_frac": 0.07128853744659544,
        "evictions": 17354,
        "wall_s": 2.6
      },
      "learned": {
        "hit_ratio": 0.1214,
        "tokens_saved": 324926,
        "tokens_saved_frac": 0.08451765195507839,
        "evictions": 17172,
        "wall_s": 4.53,
        "fallbacks": 0,
        "decisions": 17172
      },
      "oracle": {
        "hit_ratio": 0.12155,
        "tokens_saved": 335363,
        "tokens_saved_frac": 0.0872324569674663,
        "evictions": 17169,
        "wall_s": 2.98
      }
    }
  }
}